Labeled/002.jpg,555,111,585,141,d13
Labeled/002.jpg,462,205,492,235,d1
Labeled/002.jpg,478,149,508,179,d12
Labeled/002.jpg,318,241,348,271,d10
Labeled/002.jpg,282,170,312,200,d8
Labeled/002.jpg,161,141,191,171,d0
Labeled/002.jpg,214,262,244,292,d10
Labeled/002.jpg,166,315,196,345,d11
Labeled/002.jpg,358,328,388,358,d16
Labeled/002.jpg,489,291,519,321,d14
Labeled/002.jpg,462,451,492,481,d2
Labeled/002.jpg,260,408,290,438,d17
Labeled/002.jpg,63,402,93,432,d15
Labeled/002.jpg,566,330,596,360,d12
Labeled/002.jpg,134,505,164,535,d10
Labeled/002.jpg,84,652,114,682,d7
Labeled/002.jpg,246,623,276,653,d2
Labeled/002.jpg,325,671,355,701,d15
Labeled/002.jpg,355,549,385,579,d4
Labeled/002.jpg,469,584,499,614,d7
Labeled/002.jpg,520,667,550,697,d8
Labeled/002.jpg,156,710,186,740,d6
Labeled/002.jpg,602,392,632,422,d13
Labeled/002.jpg,602,500,632,530,d15
Labeled/002.jpg,694,484,724,514,d16
Labeled/002.jpg,757,423,787,453,d13
Labeled/002.jpg,679,145,709,175,d9
Labeled/002.jpg,618,262,648,292,d3
Labeled/002.jpg,768,273,798,303,d9
Labeled/002.jpg,814,304,844,334,d14
Labeled/002.jpg,786,197,816,227,d16
Labeled/002.jpg,656,617,686,647,d3
Labeled/002.jpg,733,655,763,685,d17
Labeled/002.jpg,819,729,849,759,d8
Labeled/002.jpg,940,694,970,724,d5
Labeled/002.jpg,856,590,886,620,d12
Labeled/002.jpg,793,518,823,548,d7
Labeled/002.jpg,881,462,911,492,d8
Labeled/002.jpg,944,525,974,555,d14
Labeled/002.jpg,984,617,1014,647,d14
Labeled/002.jpg,1046,606,1076,636,d13
Labeled/002.jpg,1087,458,1117,488,d1
Labeled/002.jpg,991,378,1021,408,d15
Labeled/002.jpg,1062,351,1092,381,d5
Labeled/002.jpg,1171,371,1201,401,d0
Labeled/002.jpg,1246,510,1276,540,d4
Labeled/002.jpg,1215,719,1245,749,d12
Labeled/002.jpg,1103,705,1133,735,d3
Labeled/002.jpg,1156,503,1186,533,d16
Labeled/002.jpg,1087,177,1117,207,d16
Labeled/002.jpg,1186,203,1216,233,d3
Labeled/002.jpg,1044,218,1074,248,d15
Labeled/002.jpg,981,234,1011,264,d13
Labeled/002.jpg,918,151,948,181,d2
Labeled/002.jpg,870,374,900,404,d4
Labeled/002.jpg,210,519,240,549,d16
Labeled/002.jpg,822,367,852,397,d10
Labeled/002.jpg,948,371,978,401,d4
Labeled/002.jpg,402,70,432,100,d4
Labeled/002.jpg,896,269,926,299,d7
Labeled/002.jpg,1186,554,1216,584,d13
Labeled/003.jpg,331,68,361,98,d12
Labeled/003.jpg,211,93,241,123,d4
Labeled/003.jpg,110,89,140,119,d15
Labeled/003.jpg,233,151,263,181,d6
Labeled/003.jpg,229,207,259,237,d8
Labeled/003.jpg,235,236,265,266,d13
Labeled/003.jpg,76,299,106,329,d4
Labeled/003.jpg,44,260,74,290,d14
Labeled/003.jpg,135,368,165,398,d15
Labeled/003.jpg,216,378,246,408,d15
Labeled/003.jpg,352,184,382,214,d7
Labeled/003.jpg,471,166,501,196,d9
Labeled/003.jpg,475,273,505,303,d10
Labeled/003.jpg,378,358,408,388,d1
Labeled/003.jpg,698,135,728,165,d13
Labeled/003.jpg,613,90,643,120,d9
Labeled/003.jpg,693,206,723,236,d9
Labeled/003.jpg,564,207,594,237,d15
Labeled/003.jpg,626,254,656,284,d3
Labeled/003.jpg,534,332,564,362,d6
Labeled/003.jpg,595,331,625,361,d11
Labeled/003.jpg,714,293,744,323,d5
Labeled/003.jpg,834,270,864,300,d15
Labeled/003.jpg,529,435,559,465,d9
Labeled/003.jpg,927,200,957,230,d7
Labeled/003.jpg,844,368,874,398,d14
Labeled/003.jpg,996,390,1026,420,d2
Labeled/003.jpg,922,385,952,415,d12
Labeled/003.jpg,1178,79,1208,109,d14
Labeled/003.jpg,1163,220,1193,250,d12
Labeled/003.jpg,1227,281,1257,311,d15
Labeled/003.jpg,1057,269,1087,299,d12
Labeled/003.jpg,1073,424,1103,454,d0
Labeled/003.jpg,129,522,159,552,d3
Labeled/003.jpg,100,594,130,624,d6
Labeled/003.jpg,241,644,271,674,d14
Labeled/003.jpg,355,588,385,618,d9
Labeled/003.jpg,351,498,381,528,d16
Labeled/003.jpg,116,681,146,711,d9
Labeled/003.jpg,65,710,95,740,d5
Labeled/003.jpg,162,747,192,777,d7
Labeled/003.jpg,202,854,232,884,d4
Labeled/003.jpg,249,792,279,822,d16
Labeled/003.jpg,125,829,155,859,d3
Labeled/003.jpg,14,795,44,825,d4
Labeled/003.jpg,337,838,367,868,d16
Labeled/003.jpg,455,550,485,580,d5
Labeled/003.jpg,488,647,518,677,d9
Labeled/003.jpg,613,446,643,476,d0
Labeled/003.jpg,644,609,674,639,d14
Labeled/003.jpg,647,694,677,724,d4
Labeled/003.jpg,636,762,666,792,d15
Labeled/003.jpg,773,681,803,711,d7
Labeled/003.jpg,753,552,783,582,d8
Labeled/003.jpg,678,487,708,517,d15
Labeled/003.jpg,931,778,961,808,d9
Labeled/003.jpg,825,804,855,834,d16
Labeled/003.jpg,837,734,867,764,d4
Labeled/003.jpg,879,649,909,679,d14
Labeled/003.jpg,894,518,924,548,d4
Labeled/003.jpg,977,536,1007,566,d5
Labeled/003.jpg,914,466,944,496,d11
Labeled/003.jpg,710,745,740,775,d14
Labeled/003.jpg,1216,553,1246,583,d17
Labeled/003.jpg,1204,637,1234,667,d13
Labeled/003.jpg,1195,733,1225,763,d7
Labeled/003.jpg,1162,690,1192,720,d6
Labeled/003.jpg,1067,686,1097,716,d10
Labeled/003.jpg,1130,810,1160,840,d14
Labeled/003.jpg,1192,781,1222,811,d1
Labeled/003.jpg,988,829,1018,859,d13
Labeled/003.jpg,379,63,409,93,d13
Labeled/003.jpg,1095,598,1125,628,d4
Labeled/003.jpg,46,460,76,490,d10
Labeled/003.jpg,437,457,467,487,d12
Labeled/003.jpg,571,595,601,625,d2
Labeled/003.jpg,740,425,770,455,d8
Labeled/003.jpg,737,321,767,351,d10
Labeled/003.jpg,918,649,948,679,d14
Labeled/003.jpg,1034,758,1064,788,d16
Labeled/003.jpg,922,295,952,325,d17
Labeled/003.jpg,974,117,1004,147,d10
Labeled/003.jpg,996,107,1026,137,d9
Labeled/003.jpg,1065,212,1095,242,d8
Labeled/003.jpg,797,94,827,124,d12
Labeled/003.jpg,1172,412,1202,442,d14
Labeled/003.jpg,1242,374,1272,404,d5
Labeled/003.jpg,1077,544,1107,574,d12
Labeled/003.jpg,192,515,222,545,d1
Labeled/003.jpg,48,470,78,500,d16
Labeled/003.jpg,331,245,361,275,d8
Labeled/003.jpg,313,427,343,457,d8
Labeled/003.jpg,515,759,545,789,d6
Labeled/003.jpg,494,828,524,858,d9
Labeled/003.jpg,422,742,452,772,d1
Labeled/003.jpg,607,347,637,377,d17
Labeled/003.jpg,626,402,656,432,d7
Labeled/003.jpg,965,665,995,695,d10
Labeled/003.jpg,125,222,155,252,d3
Labeled/003.jpg,1236,415,1266,445,d12
Labeled/003.jpg,879,818,909,848,d16
Labeled/003.jpg,333,720,363,750,d17
Labeled/003.jpg,216,477,246,507,d3
Labeled/003.jpg,229,478,259,508,d11
Labeled/003.jpg,298,544,328,574,d1
Labeled/003.jpg,543,83,573,113,d0
Labeled/003.jpg,381,149,411,179,d8
Labeled/004.jpg,447,533,477,563,d15
Labeled/004.jpg,615,563,645,593,d0
Labeled/004.jpg,665,578,695,608,d0
Labeled/004.jpg,636,687,666,717,d4
Labeled/004.jpg,797,745,827,775,d12
Labeled/004.jpg,961,727,991,757,d14
Labeled/004.jpg,1020,554,1050,584,d17
Labeled/004.jpg,439,908,469,938,d11
Labeled/004.jpg,713,930,743,960,d1
Labeled/004.jpg,538,467,568,497,d16
Labeled/004.jpg,895,714,925,744,d1
Labeled/004.jpg,717,744,747,774,d8
Labeled/005.jpg,444,123,474,153,d10
Labeled/005.jpg,433,275,463,305,d14
Labeled/005.jpg,525,220,555,250,d9
Labeled/005.jpg,349,378,379,408,d2
Labeled/005.jpg,410,443,440,473,d14
Labeled/005.jpg,341,468,371,498,d14
Labeled/005.jpg,217,401,247,431,d16
Labeled/005.jpg,217,310,247,340,d3
Labeled/005.jpg,568,285,598,315,d13
Labeled/005.jpg,638,342,668,372,d6
Labeled/005.jpg,690,269,720,299,d17
Labeled/005.jpg,714,146,744,176,d0
Labeled/005.jpg,754,188,784,218,d0
Labeled/005.jpg,833,248,863,278,d2
Labeled/005.jpg,1032,218,1062,248,d2
Labeled/005.jpg,1105,197,1135,227,d16
Labeled/005.jpg,1172,381,1202,411,d1
Labeled/005.jpg,649,512,679,542,d9
Labeled/005.jpg,788,440,818,470,d9
Labeled/005.jpg,859,510,889,540,d8
Labeled/005.jpg,1020,357,1050,387,d11
Labeled/005.jpg,965,566,995,596,d15
Labeled/005.jpg,896,596,926,626,d4
Labeled/005.jpg,993,456,1023,486,d15
Labeled/005.jpg,928,766,958,796,d9
Labeled/005.jpg,838,908,868,938,d16
Labeled/005.jpg,782,800,812,830,d17
Labeled/005.jpg,333,599,363,629,d15
Labeled/005.jpg,354,576,384,606,d15
Labeled/005.jpg,490,889,520,919,d1
Labeled/005.jpg,352,678,382,708,d15
Labeled/005.jpg,261,670,291,700,d5
Labeled/005.jpg,281,735,311,765,d0
Labeled/005.jpg,404,772,434,802,d0
Labeled/005.jpg,443,740,473,770,d2
Labeled/005.jpg,665,921,695,951,d17
Labeled/005.jpg,823,569,853,599,d0
Labeled/005.jpg,730,822,760,852,d2
Labeled/005.jpg,1164,609,1194,639,d3
Labeled/005.jpg,619,810,649,840,d17
Labeled/005.jpg,1035,786,1065,816,d15
Labeled/005.jpg,192,849,222,879,d5
Labeled/005.jpg,519,947,549,977,d4
Labeled/005.jpg,667,279,697,309,d2
Labeled/005.jpg,675,293,705,323,d9
Labeled/006.jpg,419,33,449,63,d8
Labeled/006.jpg,322,64,352,94,d6
Labeled/006.jpg,218,-1,248,29,d4
Labeled/006.jpg,29,-3,59,27,d14
Labeled/006.jpg,40,152,70,182,d6
Labeled/006.jpg,99,289,129,319,d6
Labeled/006.jpg,296,229,326,259,d6
Labeled/006.jpg,333,349,363,379,d11
Labeled/006.jpg,450,309,480,339,d5
Labeled/006.jpg,164,427,194,457,d16
Labeled/006.jpg,309,480,339,510,d1
Labeled/006.jpg,445,528,475,558,d3
Labeled/006.jpg,234,629,264,659,d17
Labeled/006.jpg,95,648,125,678,d0
Labeled/006.jpg,295,724,325,754,d14
Labeled/006.jpg,450,713,480,743,d1
Labeled/006.jpg,603,654,633,684,d4
Labeled/006.jpg,614,559,644,589,d8
Labeled/006.jpg,784,639,814,669,d6
Labeled/006.jpg,702,404,732,434,d8
Labeled/006.jpg,644,242,674,272,d4
Labeled/006.jpg,644,-3,674,27,d4
Labeled/006.jpg,838,3,868,33,d15
Labeled/006.jpg,169,775,199,805,d3
Labeled/006.jpg,45,801,75,831,d3
Labeled/006.jpg,225,856,255,886,d0
Labeled/006.jpg,400,863,430,893,d14
Labeled/006.jpg,566,834,596,864,d6
Labeled/006.jpg,856,861,886,891,d4
Labeled/006.jpg,1023,757,1053,787,d10
Labeled/006.jpg,1211,699,1241,729,d11
Labeled/006.jpg,969,671,999,701,d7
Labeled/006.jpg,1131,552,1161,582,d0
Labeled/006.jpg,959,561,989,591,d6
Labeled/006.jpg,15,745,45,775,d17
Labeled/006.jpg,1266,924,1296,954,d9
Labeled/006.jpg,1189,49,1219,79,d9
Labeled/006.jpg,1127,179,1157,209,d1
Labeled/006.jpg,1235,267,1265,297,d5
Labeled/006.jpg,1141,445,1171,475,d7
Labeled/006.jpg,939,410,969,440,d4
Labeled/006.jpg,975,268,1005,298,d8
Labeled/006.jpg,899,-13,929,17,d13
Labeled/007.jpg,77,8,107,38,d0
Labeled/007.jpg,143,-3,173,27,d13
Labeled/007.jpg,1057,5,1087,35,d0
Labeled/007.jpg,277,12,307,42,d17
Labeled/007.jpg,614,14,644,44,d9
Labeled/007.jpg,943,38,973,68,d15
Labeled/007.jpg,1018,40,1048,70,d14
Labeled/007.jpg,502,47,532,77,d14
Labeled/007.jpg,316,63,346,93,d9
Labeled/007.jpg,892,93,922,123,d3
Labeled/007.jpg,544,109,574,139,d0
Labeled/007.jpg,333,120,363,150,d9
Labeled/007.jpg,996,124,1026,154,d11
Labeled/007.jpg,167,137,197,167,d1
Labeled/007.jpg,578,180,608,210,d2
Labeled/007.jpg,736,183,766,213,d10
Labeled/007.jpg,1064,176,1094,206,d10
Labeled/007.jpg,177,231,207,261,d0
Labeled/007.jpg,837,240,867,270,d16
Labeled/007.jpg,338,252,368,282,d0
Labeled/007.jpg,1069,253,1099,283,d8
Labeled/007.jpg,401,278,431,308,d3
Labeled/007.jpg,338,308,368,338,d6
Labeled/007.jpg,893,329,923,359,d16
Labeled/007.jpg,440,337,470,367,d17
Labeled/007.jpg,789,349,819,379,d16
Labeled/007.jpg,115,358,145,388,d2
Labeled/007.jpg,580,364,610,394,d5
Labeled/007.jpg,618,375,648,405,d15
Labeled/007.jpg,1098,422,1128,452,d0
Labeled/007.jpg,869,437,899,467,d3
Labeled/007.jpg,506,450,536,480,d17
Labeled/007.jpg,1047,473,1077,503,d17
Labeled/007.jpg,163,494,193,524,d8
Labeled/007.jpg,845,506,875,536,d17
Labeled/007.jpg,1042,562,1072,592,d17
Labeled/007.jpg,252,571,282,601,d16
Labeled/007.jpg,299,580,329,610,d10
Labeled/007.jpg,719,590,749,620,d17
Labeled/007.jpg,167,598,197,628,d4
Labeled/007.jpg,1040,621,1070,651,d6
Labeled/007.jpg,790,650,820,680,d1
Labeled/007.jpg,829,685,859,715,d16
Labeled/007.jpg,929,686,959,716,d4
Labeled/007.jpg,615,705,645,735,d16
Labeled/007.jpg,241,712,271,742,d0
Labeled/007.jpg,275,724,305,754,d14
Labeled/007.jpg,11,733,41,763,d1
Labeled/007.jpg,828,755,858,785,d17
Labeled/007.jpg,205,766,235,796,d13
Labeled/007.jpg,1038,786,1068,816,d5
Labeled/007.jpg,640,846,670,876,d9
Labeled/007.jpg,899,854,929,884,d8
Labeled/007.jpg,450,877,480,907,d13
Labeled/007.jpg,511,893,541,923,d17
Labeled/007.jpg,922,907,952,937,d13
Labeled/007.jpg,1161,937,1191,967,d2
Labeled/007.jpg,3,948,33,978,d0
Labeled/007.jpg,656,684,686,714,d16
Labeled/007.jpg,276,417,306,447,d1
Labeled/007.jpg,665,213,695,243,d17
Labeled/007.jpg,696,2,726,32,d3
Labeled/007.jpg,1122,256,1152,286,d16
Labeled/007.jpg,932,535,962,565,d11
Labeled/007.jpg,809,568,839,598,d14
Labeled/009.jpg,614,15,644,45,d16
Labeled/009.jpg,716,158,746,188,d15
Labeled/009.jpg,274,184,304,214,d1
Labeled/009.jpg,455,202,485,232,d12
Labeled/009.jpg,401,214,431,244,d2
Labeled/009.jpg,178,222,208,252,d0
Labeled/009.jpg,70,246,100,276,d15
Labeled/009.jpg,548,335,578,365,d2
Labeled/009.jpg,489,360,519,390,d14
Labeled/009.jpg,441,378,471,408,d1
Labeled/009.jpg,573,380,603,410,d17
Labeled/009.jpg,283,378,313,408,d5
Labeled/009.jpg,442,425,472,455,d13
Labeled/009.jpg,561,464,591,494,d7
Labeled/009.jpg,722,564,752,594,d15
Labeled/009.jpg,675,624,705,654,d12
Labeled/009.jpg,722,686,752,716,d0
Labeled/009.jpg,600,752,630,782,d5
Labeled/009.jpg,771,760,801,790,d1
Labeled/009.jpg,461,766,491,796,d13
Labeled/009.jpg,855,761,885,791,d4
Labeled/009.jpg,448,800,478,830,d16
Labeled/009.jpg,390,807,420,837,d2
Labeled/009.jpg,248,812,278,842,d3
Labeled/009.jpg,799,814,829,844,d16
Labeled/009.jpg,297,857,327,887,d14
Labeled/009.jpg,813,890,843,920,d3
Labeled/009.jpg,379,907,409,937,d10
Labeled/009.jpg,707,597,737,627,d11
Labeled/009.jpg,603,134,633,164,d12
Labeled/008.jpg,437,418,467,448,d0
Labeled/008.jpg,391,441,421,471,d3
Labeled/008.jpg,179,474,209,504,d10
Labeled/008.jpg,557,502,587,532,d3
Labeled/008.jpg,387,547,417,577,d17
Labeled/008.jpg,506,647,536,677,d17
Labeled/008.jpg,518,703,548,733,d14
Labeled/008.jpg,899,714,929,744,d5
Labeled/008.jpg,839,772,869,802,d14
Labeled/008.jpg,615,809,645,839,d16
Labeled/008.jpg,598,932,628,962,d15
Labeled/008.jpg,710,954,740,984,d0
Labeled/010.jpg,725,38,755,68,d0
Labeled/010.jpg,677,54,707,84,d1
Labeled/010.jpg,440,130,470,160,d1
Labeled/010.jpg,550,152,580,182,d0
Labeled/010.jpg,763,172,793,202,d5
Labeled/010.jpg,677,186,707,216,d12
Labeled/010.jpg,201,201,231,231,d10
Labeled/010.jpg,736,248,766,278,d0
Labeled/010.jpg,-5,249,25,279,d4
Labeled/010.jpg,123,280,153,310,d0
Labeled/010.jpg,707,292,737,322,d17
Labeled/010.jpg,458,340,488,370,d2
Labeled/010.jpg,395,342,425,372,d3
Labeled/010.jpg,675,350,705,380,d12
Labeled/010.jpg,562,366,592,396,d11
Labeled/010.jpg,775,411,805,441,d1
Labeled/010.jpg,142,430,172,460,d8
Labeled/010.jpg,411,515,441,545,d9
Labeled/010.jpg,614,679,644,709,d6
Labeled/010.jpg,340,712,370,742,d5
Labeled/010.jpg,261,733,291,763,d2
Labeled/010.jpg,760,744,790,774,d0
Labeled/010.jpg,487,762,517,792,d2
Labeled/010.jpg,841,774,871,804,d8
Labeled/010.jpg,1039,808,1069,838,d0
Labeled/010.jpg,381,828,411,858,d8
Labeled/010.jpg,592,840,622,870,d2
Labeled/010.jpg,503,865,533,895,d15
Labeled/010.jpg,149,884,179,914,d1
Labeled/010.jpg,688,890,718,920,d0
Labeled/010.jpg,894,916,924,946,d17
Labeled/010.jpg,791,932,821,962,d17
Labeled/010.jpg,827,946,857,976,d3
Labeled/011.jpg,390,358,420,388,d17
Labeled/012.jpg,811,2,841,32,d8
Labeled/012.jpg,1012,43,1042,73,d12
Labeled/012.jpg,506,67,536,97,d7
Labeled/012.jpg,600,64,630,94,d4
Labeled/012.jpg,889,72,919,102,d3
Labeled/012.jpg,749,93,779,123,d9
Labeled/012.jpg,1138,97,1168,127,d16
Labeled/012.jpg,17,123,47,153,d10
Labeled/012.jpg,292,123,322,153,d7
Labeled/012.jpg,667,112,697,142,d0
Labeled/012.jpg,251,163,281,193,d9
Labeled/012.jpg,508,178,538,208,d17
Labeled/012.jpg,691,205,721,235,d16
Labeled/012.jpg,414,216,444,246,d13
Labeled/012.jpg,862,231,892,261,d9
Labeled/012.jpg,1065,217,1095,247,d4
Labeled/012.jpg,1144,228,1174,258,d6
Labeled/012.jpg,935,232,965,262,d17
Labeled/012.jpg,1010,231,1040,261,d8
Labeled/012.jpg,628,248,658,278,d13
Labeled/012.jpg,883,254,913,284,d4
Labeled/012.jpg,291,259,321,289,d6
Labeled/012.jpg,1202,264,1232,294,d17
Labeled/012.jpg,697,269,727,299,d14
Labeled/012.jpg,1114,279,1144,309,d6
Labeled/012.jpg,431,300,461,330,d8
Labeled/012.jpg,304,300,334,330,d13
Labeled/012.jpg,1081,306,1111,336,d4
Labeled/012.jpg,1159,325,1189,355,d10
Labeled/012.jpg,473,344,503,374,d9
Labeled/012.jpg,714,333,744,363,d1
Labeled/012.jpg,1053,362,1083,392,d17
Labeled/012.jpg,790,376,820,406,d6
Labeled/012.jpg,476,406,506,436,d16
Labeled/012.jpg,536,405,566,435,d17
Labeled/012.jpg,1107,429,1137,459,d5
Labeled/012.jpg,198,430,228,460,d15
Labeled/012.jpg,914,435,944,465,d2
Labeled/012.jpg,371,470,401,500,d8
Labeled/012.jpg,853,459,883,489,d12
Labeled/012.jpg,109,473,139,503,d16
Labeled/012.jpg,659,474,689,504,d4
Labeled/012.jpg,1009,478,1039,508,d14
Labeled/012.jpg,608,500,638,530,d4
Labeled/012.jpg,787,497,817,527,d7
Labeled/012.jpg,1215,504,1245,534,d11
Labeled/012.jpg,676,544,706,574,d0
Labeled/012.jpg,1066,540,1096,570,d15
Labeled/012.jpg,798,590,828,620,d13
Labeled/012.jpg,391,599,421,629,d15
Labeled/012.jpg,1124,590,1154,620,d15
Labeled/012.jpg,482,602,512,632,d14
Labeled/012.jpg,955,611,985,641,d10
Labeled/012.jpg,184,621,214,651,d15
Labeled/012.jpg,582,639,612,669,d16
Labeled/012.jpg,706,640,736,670,d10
Labeled/012.jpg,195,655,225,685,d16
Labeled/012.jpg,1148,653,1178,683,d12
Labeled/012.jpg,781,678,811,708,d6
Labeled/012.jpg,667,682,697,712,d12
Labeled/012.jpg,984,713,1014,743,d10
Labeled/012.jpg,606,716,636,746,d5
Labeled/012.jpg,1082,704,1112,734,d7
Labeled/012.jpg,440,730,470,760,d13
Labeled/012.jpg,624,729,654,759,d14
Labeled/012.jpg,221,751,251,781,d12
Labeled/012.jpg,867,749,897,779,d1
Labeled/012.jpg,983,754,1013,784,d9
Labeled/012.jpg,542,799,572,829,d3
Labeled/012.jpg,1068,796,1098,826,d1
Labeled/012.jpg,634,833,664,863,d17
Labeled/012.jpg,765,872,795,902,d3
Labeled/012.jpg,1237,872,1267,902,d10
Labeled/012.jpg,817,876,847,906,d5
Labeled/012.jpg,973,883,1003,913,d15
Labeled/012.jpg,367,902,397,932,d15
Labeled/012.jpg,413,896,443,926,d5
Labeled/012.jpg,569,918,599,948,d8
Labeled/012.jpg,845,905,875,935,d9
Labeled/012.jpg,1193,948,1223,978,d10
Labeled/012.jpg,258,189,288,219,d7
Labeled/012.jpg,340,490,370,520,d3
Labeled/012.jpg,131,360,161,390,d2
Labeled/012.jpg,285,135,315,165,d17
Labeled/012.jpg,549,567,579,597,d1
Labeled/012.jpg,547,551,577,581,d11
Labeled/012.jpg,681,610,711,640,d12
Labeled/012.jpg,756,560,786,590,d9
Labeled/012.jpg,594,102,624,132,d4
Labeled/012.jpg,638,282,668,312,d14
Labeled/012.jpg,1001,178,1031,208,d17
Labeled/012.jpg,795,285,825,315,d16
Labeled/012.jpg,1140,119,1170,149,d7
Labeled/012.jpg,759,832,789,862,d14
Labeled/012.jpg,941,911,971,941,d4
Labeled/012.jpg,921,921,951,951,d9
Labeled/012.jpg,54,789,84,819,d17
Labeled/013.jpg,581,0,611,30,d15
Labeled/013.jpg,708,-5,738,25,d11
Labeled/013.jpg,1150,15,1180,45,d12
Labeled/013.jpg,665,40,695,70,d13
Labeled/013.jpg,779,35,809,65,d6
Labeled/013.jpg,1081,64,1111,94,d8
Labeled/013.jpg,606,74,636,104,d5
Labeled/013.jpg,985,74,1015,104,d11
Labeled/013.jpg,625,87,655,117,d14
Labeled/013.jpg,441,88,471,118,d13
Labeled/013.jpg,220,109,250,139,d13
Labeled/013.jpg,866,107,896,137,d1
Labeled/013.jpg,983,112,1013,142,d8
Labeled/013.jpg,53,147,83,177,d0
Labeled/013.jpg,543,156,573,186,d4
Labeled/013.jpg,1065,155,1095,185,d2
Labeled/013.jpg,319,185,349,215,d13
Labeled/013.jpg,634,192,664,222,d15
Labeled/013.jpg,765,230,795,260,d4
Labeled/013.jpg,1237,231,1267,261,d10
Labeled/013.jpg,819,237,849,267,d6
Labeled/013.jpg,973,241,1003,271,d16
Labeled/013.jpg,413,254,443,284,d3
Labeled/013.jpg,569,276,599,306,d8
Labeled/013.jpg,846,264,876,294,d8
Labeled/013.jpg,933,275,963,305,d5
Labeled/013.jpg,1194,307,1224,337,d10
Labeled/013.jpg,575,318,605,348,d7
Labeled/013.jpg,494,344,524,374,d6
Labeled/013.jpg,1074,343,1104,373,d14
Labeled/013.jpg,365,347,395,377,d7
Labeled/013.jpg,1035,363,1065,393,d5
Labeled/013.jpg,633,366,663,396,d12
Labeled/013.jpg,444,373,474,403,d6
Labeled/013.jpg,521,385,551,415,d4
Labeled/013.jpg,623,389,653,419,d11
Labeled/013.jpg,1054,390,1084,420,d3
Labeled/013.jpg,1125,379,1155,409,d8
Labeled/013.jpg,1096,417,1126,447,d13
Labeled/013.jpg,1122,444,1152,474,d13
Labeled/013.jpg,492,456,522,486,d5
Labeled/013.jpg,928,475,958,505,d4
Labeled/013.jpg,948,491,978,521,d6
Labeled/013.jpg,1088,494,1118,524,d12
Labeled/013.jpg,603,515,633,545,d6
Labeled/013.jpg,643,511,673,541,d9
Labeled/013.jpg,263,534,293,564,d9
Labeled/013.jpg,762,560,792,590,d5
Labeled/013.jpg,980,586,1010,616,d8
Labeled/013.jpg,1073,583,1103,613,d3
Labeled/013.jpg,1143,605,1173,635,d17
Labeled/013.jpg,549,613,579,643,d10
Labeled/013.jpg,802,667,832,697,d10
Labeled/013.jpg,453,681,483,711,d5
Labeled/013.jpg,559,671,589,701,d6
Labeled/013.jpg,871,682,901,712,d2
Labeled/013.jpg,1107,736,1137,766,d16
Labeled/013.jpg,818,736,848,766,d12
Labeled/013.jpg,584,763,614,793,d4
Labeled/013.jpg,231,779,261,809,d8
Labeled/013.jpg,1120,772,1150,802,d14
Labeled/013.jpg,725,791,755,821,d7
Labeled/013.jpg,1066,795,1096,825,d7
Labeled/013.jpg,752,804,782,834,d10
Labeled/013.jpg,936,804,966,834,d10
Labeled/013.jpg,980,792,1010,822,d5
Labeled/013.jpg,1024,819,1054,849,d8
Labeled/013.jpg,706,837,736,867,d0
Labeled/013.jpg,1000,845,1030,875,d11
Labeled/013.jpg,191,856,221,886,d0
Labeled/013.jpg,139,868,169,898,d17
Labeled/013.jpg,891,885,921,915,d15
Labeled/013.jpg,994,875,1024,905,d14
Labeled/013.jpg,688,890,718,920,d16
Labeled/013.jpg,779,894,809,924,d1
Labeled/013.jpg,1190,905,1220,935,d2
Labeled/013.jpg,139,921,169,951,d2
Labeled/013.jpg,288,918,318,948,d4
Labeled/013.jpg,306,914,336,944,d15
Labeled/013.jpg,235,937,265,967,d9
Labeled/013.jpg,593,940,623,970,d13
Labeled/013.jpg,865,951,895,981,d12
Labeled/013.jpg,760,187,790,217,d12
Labeled/013.jpg,956,138,986,168,d3
Labeled/013.jpg,1072,10,1102,40,d0
Labeled/013.jpg,928,277,958,307,d8
Labeled/013.jpg,817,317,847,347,d4
Labeled/013.jpg,806,351,836,381,d3
Labeled/013.jpg,820,371,850,401,d2
Labeled/013.jpg,904,423,934,453,d3
Labeled/013.jpg,1165,636,1195,666,d0
Labeled/013.jpg,621,353,651,383,d11
Labeled/013.jpg,125,384,155,414,d11
Labeled/013.jpg,147,379,177,409,d16
Labeled/013.jpg,168,411,198,441,d13
Labeled/013.jpg,174,401,204,431,d11
Labeled/013.jpg,371,261,401,291,d16
Labeled/013.jpg,367,515,397,545,d9
Labeled/013.jpg,459,733,489,763,d16
Labeled/013.jpg,576,758,606,788,d3
Labeled/013.jpg,896,685,926,715,d9
Labeled/013.jpg,545,875,575,905,d11
Labeled/013.jpg,540,858,570,888,d13
Labeled/013.jpg,741,930,771,960,d14
Labeled/013.jpg,1038,679,1068,709,d16
Labeled/014.jpg,130,58,160,88,d8
Labeled/014.jpg,535,65,565,95,d9
Labeled/014.jpg,592,90,622,120,d11
Labeled/014.jpg,327,99,357,129,d3
Labeled/014.jpg,919,148,949,178,d16
Labeled/014.jpg,233,155,263,185,d10
Labeled/014.jpg,589,223,619,253,d7
Labeled/014.jpg,970,220,1000,250,d12
Labeled/014.jpg,626,238,656,268,d15
Labeled/014.jpg,782,244,812,274,d13
Labeled/014.jpg,505,249,535,279,d7
Labeled/014.jpg,663,268,693,298,d12
Labeled/014.jpg,859,270,889,300,d15
Labeled/014.jpg,461,294,491,324,d4
Labeled/014.jpg,647,310,677,340,d8
Labeled/014.jpg,1080,293,1110,323,d16
Labeled/014.jpg,364,324,394,354,d12
Labeled/014.jpg,674,333,704,363,d10
Labeled/014.jpg,235,344,265,374,d9
Labeled/014.jpg,1111,350,1141,380,d2
Labeled/014.jpg,665,369,695,399,d5
Labeled/014.jpg,1023,366,1053,396,d11
Labeled/014.jpg,154,383,184,413,d11
Labeled/014.jpg,842,392,872,422,d1
Labeled/014.jpg,963,388,993,418,d11
Labeled/014.jpg,298,417,328,447,d3
Labeled/014.jpg,473,420,503,450,d15
Labeled/014.jpg,626,423,656,453,d12
Labeled/014.jpg,996,432,1026,462,d3
Labeled/014.jpg,283,481,313,511,d0
Labeled/014.jpg,1061,484,1091,514,d7
Labeled/014.jpg,1031,499,1061,529,d5
Labeled/014.jpg,815,515,845,545,d10
Labeled/014.jpg,209,531,239,561,d9
Labeled/014.jpg,919,538,949,568,d7
Labeled/014.jpg,191,577,221,607,d15
Labeled/014.jpg,453,579,483,609,d5
Labeled/014.jpg,289,581,319,611,d9
Labeled/014.jpg,625,581,655,611,d13
Labeled/014.jpg,712,586,742,616,d7
Labeled/014.jpg,383,589,413,619,d2
Labeled/014.jpg,576,603,606,633,d3
Labeled/014.jpg,210,604,240,634,d15
Labeled/014.jpg,1113,630,1143,660,d10
Labeled/014.jpg,842,659,872,689,d11
Labeled/014.jpg,1094,669,1124,699,d0
Labeled/014.jpg,942,679,972,709,d6
Labeled/014.jpg,223,690,253,720,d16
Labeled/014.jpg,503,685,533,715,d14
Labeled/014.jpg,734,688,764,718,d10
Labeled/014.jpg,387,715,417,745,d5
Labeled/014.jpg,112,717,142,747,d0
Labeled/014.jpg,180,734,210,764,d16
Labeled/014.jpg,485,763,515,793,d5
Labeled/014.jpg,541,761,571,791,d16
Labeled/014.jpg,1087,768,1117,798,d15
Labeled/014.jpg,315,772,345,802,d7
Labeled/014.jpg,453,794,483,824,d5
Labeled/014.jpg,749,802,779,832,d8
Labeled/014.jpg,281,813,311,843,d11
Labeled/014.jpg,851,830,881,860,d7
Labeled/014.jpg,1148,845,1178,875,d11
Labeled/014.jpg,213,866,243,896,d6
Labeled/014.jpg,317,853,347,883,d8
Labeled/014.jpg,915,872,945,902,d17
Labeled/014.jpg,535,913,565,943,d12
Labeled/014.jpg,369,926,399,956,d4
Labeled/014.jpg,431,295,461,325,d5
Labeled/014.jpg,583,345,613,375,d5
Labeled/014.jpg,198,504,228,534,d1
Labeled/014.jpg,989,257,1019,287,d8
Labeled/001.jpg,46,794,76,824,d13
Labeled/001.jpg,58,509,88,539,d1
Labeled/001.jpg,61,650,91,680,d2
Labeled/001.jpg,85,332,115,362,d0
Labeled/001.jpg,146,742,176,772,d7
Labeled/001.jpg,151,539,181,569,d15
Labeled/001.jpg,152,800,182,830,d11
Labeled/001.jpg,171,273,201,303,d13
Labeled/001.jpg,182,499,212,529,d9
Labeled/001.jpg,183,604,213,634,d8
Labeled/001.jpg,187,385,217,415,d13
Labeled/001.jpg,190,675,220,705,d1
Labeled/001.jpg,247,687,277,717,d17
Labeled/001.jpg,251,821,281,851,d8
Labeled/001.jpg,262,317,292,347,d3
Labeled/001.jpg,279,594,309,624,d14
Labeled/001.jpg,304,487,334,517,d12
Labeled/001.jpg,314,182,344,212,d16
Labeled/001.jpg,320,379,350,409,d12
Labeled/001.jpg,341,642,371,672,d17
Labeled/001.jpg,352,567,382,597,d9
Labeled/001.jpg,353,805,383,835,d6
Labeled/001.jpg,358,785,388,815,d16
Labeled/001.jpg,377,720,407,750,d11
Labeled/001.jpg,387,617,417,647,d5
Labeled/001.jpg,391,357,421,387,d12
Labeled/001.jpg,407,772,437,802,d15
Labeled/001.jpg,422,274,452,304,d13
Labeled/001.jpg,422,536,452,566,d9
Labeled/001.jpg,442,445,472,475,d0
Labeled/001.jpg,475,435,505,465,d14
Labeled/001.jpg,487,841,517,871,d8
Labeled/001.jpg,497,749,527,779,d8
Labeled/001.jpg,505,176,535,206,d17
Labeled/001.jpg,506,673,536,703,d0
Labeled/001.jpg,533,548,563,578,d5
Labeled/001.jpg,566,352,596,382,d6
Labeled/001.jpg,571,648,601,678,d4
Labeled/001.jpg,601,456,631,486,d1
Labeled/001.jpg,603,752,633,782,d16
Labeled/001.jpg,655,289,685,319,d6
Labeled/001.jpg,662,584,692,614,d9
Labeled/001.jpg,678,456,708,486,d17
Labeled/001.jpg,679,797,709,827,d5
Labeled/001.jpg,685,709,715,739,d9
Labeled/001.jpg,692,663,722,693,d4
Labeled/001.jpg,706,146,736,176,d6
Labeled/001.jpg,716,347,746,377,d17
Labeled/001.jpg,760,505,790,535,d10
Labeled/001.jpg,766,587,796,617,d4
Labeled/001.jpg,778,138,808,168,d2
Labeled/001.jpg,783,760,813,790,d0
Labeled/001.jpg,796,648,826,678,d2
Labeled/001.jpg,801,849,831,879,d1
Labeled/001.jpg,810,373,840,403,d0
Labeled/001.jpg,825,332,855,362,d5
Labeled/001.jpg,829,220,859,250,d10
Labeled/001.jpg,833,465,863,495,d10
Labeled/001.jpg,874,609,904,639,d2
Labeled/001.jpg,888,96,918,126,d9
Labeled/001.jpg,907,738,937,768,d16
Labeled/001.jpg,915,825,945,855,d9
Labeled/001.jpg,917,345,947,375,d1
Labeled/001.jpg,921,450,951,480,d3
Labeled/001.jpg,945,243,975,273,d14
Labeled/001.jpg,945,564,975,594,d17
Labeled/001.jpg,957,506,987,536,d7
Labeled/001.jpg,989,638,1019,668,d5
Labeled/001.jpg,1004,248,1034,278,d6
Labeled/001.jpg,1008,728,1038,758,d5
Labeled/001.jpg,1010,172,1040,202,d8
Labeled/001.jpg,1017,451,1047,481,d13
Labeled/001.jpg,1086,547,1116,577,d17
Labeled/001.jpg,1090,351,1120,381,d4
Labeled/001.jpg,1094,776,1124,806,d14
Labeled/001.jpg,1103,670,1133,700,d17
Labeled/001.jpg,1107,262,1137,292,d2
Labeled/001.jpg,1143,460,1173,490,d12
Labeled/001.jpg,1158,188,1188,218,d5
Labeled/001.jpg,1185,348,1215,378,d2
Labeled/001.jpg,1194,663,1224,693,d3
Labeled/001.jpg,1198,598,1228,628,d14
